Patient_ID,Age_years,Gender,Intraventricular,Intraparenchymal,Subarachnoid,Epidural,Subdural,Fracture,Note,ICH,Age_QC,Sex_binary,CT_Found,Mask_Found,Shape_Match,Affine_Match,Hemorrhage_Voxels,Hemorrhage_Volume_mL,Hemorrhage_Slices,Mean_Hemorrhage_HU,Median_Hemorrhage_HU,Std_Hemorrhage_HU,Min_Hemorrhage_HU,Max_Hemorrhage_HU
49,35.0,Male,0,1,0,1,0,1,,1,OK,0,1,0,,,,,,,,,,
53,44.0,Male,0,1,0,1,0,1,,1,OK,0,1,1,1.0,1.0,6845.0,7.645999526977539,10.0,73.67567567567568,70.0,43.467607142659084,-109.0,795.0
54,60.0,Female,0,0,0,0,0,0,,0,OK,1,1,1,1.0,1.0,0.0,0.0,0.0,,,,,
55,21.0,Female,0,0,0,0,0,0,,0,OK,1,1,1,1.0,1.0,0.0,0.0,0.0,,,,,
57,26.0,Male,0,0,0,0,0,0,,0,OK,0,1,1,1.0,1.0,0.0,0.0,0.0,,,,,
58,44.0,Male,0,1,0,0,0,0,,1,OK,0,1,1,1.0,1.0,279.0,0.25289909362792967,2.0,36.16129032258065,37.0,7.658420515137605,5.0,50.0
67,2.0,Male,0,0,0,1,0,1,,1,OK,0,1,1,1.0,1.0,669.0,0.6575184059143067,5.0,52.204783258594915,46.0,29.511036285111786,27.0,397.0
68,8.0,Male,0,0,0,1,0,1,,1,OK,0,1,1,1.0,1.0,13753.0,10.492706298828125,10.0,45.77699411037592,45.0,11.62766429513728,-51.0,234.0
69,36.0,Male,0,1,0,0,0,1,,1,OK,0,1,1,1.0,1.0,483.0,0.368499755859375,2.0,49.96894409937888,51.0,11.92389029447349,23.0,71.0
70,5.0,Male,0,0,0,1,0,0,"Special case, CT scan was after about two weeks of the accident",1,OK,0,1,1,1.0,1.0,40190.0,30.66253662109375,14.0,19.135157999502365,14.0,20.97958807374168,-5.0,620.0
71,72.0,Female,0,1,0,0,1,0,,1,OK,1,1,1,1.0,1.0,130454.0,115.01762676239014,19.0,65.40002606282674,66.0,23.253281815957635,15.0,1158.0
72,42.0,Male,0,1,0,0,0,0,,1,OK,0,1,0,,,,,,,,,,
74,18.0,Male,0,0,0,1,1,1,,1,OK,0,1,1,1.0,1.0,7469.0,7.734003849029541,13.0,48.558039898246086,44.0,16.852347570916404,-116.0,290.0
75,3.0,Male,0,0,0,1,0,0,,1,OK,0,1,0,,,,,,,,,,
76,40.0,Male,0,1,1,0,0,1,,1,OK,0,1,0,,,,,,,,,,
77,33.0,Male,0,0,0,1,0,1,,1,OK,0,1,0,,,,,,,,,,
78,33.0,Male,0,0,0,1,0,1,,1,OK,0,1,1,1.0,1.0,6737.0,5.720862903594971,11.0,44.67849191034585,43.0,15.208782088535774,-29.0,350.0
80,60.0,Male,1,1,1,0,0,0,,1,OK,0,1,1,1.0,1.0,13510.0,14.351901245117187,11.0,37.32494448556625,39.0,11.27751506070218,-4.0,75.0
81,17.0,Male,0,0,0,0,1,1,,1,OK,0,1,0,,,,,,,,,,
82,49.0,Male,0,0,1,0,0,1,,1,OK,0,1,1,1.0,1.0,2015.0,1.6948986053466797,2.0,41.101240694789084,41.0,6.649515249343155,17.0,68.0
85,0.002,Male,1,0,0,0,0,0,,1,CHECK_INFANT_AGE,0,1,1,1.0,1.0,1508.0,0.7455609893798828,2.0,25.55106100795756,25.0,8.961051454564041,8.0,47.0
88,22.0,Male,0,0,0,1,0,1,,1,OK,0,1,1,1.0,1.0,6470.0,7.407412528991699,6.0,65.58238021638331,67.0,10.247173933509485,24.0,171.0
90,6.0,Male,0,0,0,1,0,0,,1,OK,0,1,1,1.0,1.0,3184.0,2.42919921875,4.0,61.78140703517588,56.0,40.086596978500616,28.0,703.0
91,57.0,Female,1,1,0,0,0,0,,1,OK,1,1,0,,,,,,,,,,
92,70.0,Male,1,1,1,1,0,1,,1,OK,0,1,1,1.0,1.0,9008.0,9.010096130371094,11.0,54.456927175843695,55.0,16.158741866022332,7.0,402.0
93,21.0,Male,0,0,1,1,0,1,,1,OK,0,1,1,1.0,1.0,1328.0,1.117034912109375,4.0,53.22213855421687,50.0,17.417262874200283,20.0,247.0
94,16.0,Male,1,1,1,0,0,1,,1,OK,0,1,1,1.0,1.0,61575.0,60.518229961395264,12.0,48.07624847746651,47.0,14.653397651840635,-334.0,308.0
95,11.0,Female,0,0,0,0,0,1,,0,OK,1,1,1,1.0,1.0,0.0,0.0,0.0,,,,,
96,41.0,Male,0,0,0,0,0,0,,0,OK,0,1,1,1.0,1.0,0.0,0.0,0.0,,,,,
97,33.0,Male,0,1,0,1,0,1,,1,OK,0,1,1,1.0,1.0,6868.0,6.4560415649414065,9.0,76.5458648806057,71.0,45.53164648642838,22.0,800.0
100,18.0,Female,0,0,0,0,0,0,,0,OK,1,1,1,1.0,1.0,0.0,0.0,0.0,,,,,
101,19.0,Female,0,0,0,0,0,0,,0,OK,1,1,1,1.0,1.0,0.0,0.0,0.0,,,,,
102,40.0,Female,0,0,0,0,0,0,,0,OK,1,1,1,1.0,1.0,0.0,0.0,0.0,,,,,
104,60.0,Female,0,0,0,0,0,0,,0,OK,1,1,1,1.0,1.0,0.0,0.0,0.0,,,,,
105,35.0,Female,0,0,0,0,0,0,,0,OK,1,1,0,,,,,,,,,,
106,12.0,Female,0,0,0,0,0,0,,0,OK,1,1,0,,,,,,,,,,
109,42.0,Female,0,0,0,0,0,0,,0,OK,1,1,1,1.0,1.0,0.0,0.0,0.0,,,,,
110,35.0,Female,0,0,0,0,0,0,,0,OK,1,1,1,1.0,1.0,0.0,0.0,0.0,,,,,
111,65.0,Male,0,0,0,0,0,0,,0,OK,0,1,1,1.0,1.0,0.0,0.0,0.0,,,,,
112,2.0,Female,0,0,0,0,0,0,,0,OK,1,1,1,1.0,1.0,0.0,0.0,0.0,,,,,
113,40.0,Female,0,0,0,0,0,0,,0,OK,1,1,1,1.0,1.0,0.0,0.0,0.0,,,,,
114,15.0,Male,0,0,0,0,0,0,,0,OK,0,1,1,1.0,1.0,0.0,0.0,0.0,,,,,
118,26.0,Male,0,0,0,0,0,0,,0,OK,0,1,1,1.0,1.0,0.0,0.0,0.0,,,,,
119,23.0,Male,0,0,0,0,0,0,,0,OK,0,1,1,1.0,1.0,0.0,0.0,0.0,,,,,
121,50.0,Female,0,0,0,0,0,0,,0,OK,1,1,1,1.0,1.0,0.0,0.0,0.0,,,,,
123,31.0,Female,0,0,0,0,0,0,,0,OK,1,1,1,1.0,1.0,0.0,0.0,0.0,,,,,
127,5.0,Male,0,0,0,0,0,0,,0,OK,0,1,1,1.0,1.0,0.0,0.0,0.0,,,,,
128,32.0,Female,0,0,0,0,0,0,,0,OK,1,1,1,1.0,1.0,0.0,0.0,0.0,,,,,
129,5.0,Female,0,0,0,0,0,0,,0,OK,1,1,1,1.0,1.0,0.0,0.0,0.0,,,,,
130,24.0,Female,0,0,0,0,0,0,,0,OK,1,1,1,1.0,1.0,0.0,0.0,0.0,,,,,
